Gene_acc,Gene_id,logFC,log_AveExpr,FDR,Desc,A_1,A_2,A_3,B_1,B_2,B_3
0,GFP.BLA,-0.237674512,16.95673235,0.18999264,GFP.BLA,2,1,3,10,20,10
1,Tb05.5K5.100:mRNA-p1;Tb927.5.4450:mRNA-p1,-0.195545215,15.92568055,0.471722994,"hypothetical protein, conserved",10,20,10,2,1,3
2,Tb05.5K5.110:mRNA-p1;Tb927.5.4460:mRNA-p1,0.090368216,19.54326329,0.127002255,"major vault protein, putative",2,1,3,10,20,10
3,Tb05.5K5.120:mRNA-p1;Tb927.5.4470:mRNA-p1,-0.013160464,16.99424464,0.005113586,"hypothetical protein, conserved",2,1,3,10,20,10
4,Tb05.5K5.130:mRNA-p1;Tb927.5.4480:mRNA-p1,0.244368594,19.74610312,0.646937638,"paraflagellar rod component par4, putative",2,1,3,10,20,10
5,Tb05.5K5.150:mRNA-p1;Tb927.5.4500:mRNA-p1,0.103837191,20.84269229,0.093390095,"ras-like small GTPase, putative",2,1,3,10,20,10
6,Tb05.5K5.160:mRNA-p1;Tb927.5.4520:mRNA-p1,0.146404181,15.9968763,0.061378512,Kinetochore interacting protein 1,2,1,3,10,20,10
8,Tb05.5K5.20:mRNA-p1;Tb927.5.4360:mRNA-p1,0.034790096,15.83483912,0.02184275,"hypothetical protein, conserved",2,1,3,10,20,10
9,Tb05.5K5.200:mRNA-p1;Tb11.v5.0409.1-p1;Tb927.5.4560:mRNA-p1,0.042545965,20.35321033,0.061088701,"guanine deaminase, putative",2,1,3,10,20,10
10,Tb05.5K5.210:mRNA-p1,-0.154023642,18.44883365,0.286425763,hypothetical protein,2,1,3,10,20,10
11,Tb05.5K5.220:mRNA-p1;Tb927.5.4580:mRNA-p1,-0.014378266,17.27263549,0.008297487,Flagellum adhesion protein 3,2,1,3,10,20,10
12,Tb05.5K5.240:mRNA-p1;Tb11.v5.0367.1-p1;Tb927.5.4600:mRNA-p1,-0.225905588,16.93775993,0.199991671,"expression site-associated gene 3 (ESAG3) protein, putative",2,1,3,10,20,10
13,Tb05.5K5.30:mRNA-p1;Tb927.5.4380:mRNA-p1,0.024051667,19.74744715,0.036157541,Kinetoplastid-specific Protein Phosphatase 1,2,1,3,10,20,10
14,Tb05.5K5.50:mRNA-p1;Tb927.5.4400:mRNA-p1,0.313335198,17.75691504,0.250958634,"hypothetical protein, conserved",2,1,3,10,20,10
15,Tb05.5K5.60:mRNA-p1;Tb927.5.4410:mRNA-p1,-0.332438168,16.9363153,1.402839861,"hypothetical protein, conserved",2,1,3,10,20,10
16,Tb05.5K5.70:mRNA-p1;Tb927.5.4420:mRNA-p1,0.011552449,20.82987804,0.012647844,"nucleolar RNA helicase II, putative",2,1,3,10,20,10
17,Tb05.5K5.80:mRNA-p1;Tb927.5.4430:mRNA-p1,0.012474649,17.13721283,0.005630781,"calcium/calmodulin-dependent protein kinase, putative",2,1,3,10,20,10
18,Tb05.5K5.90:mRNA-p1;Tb927.5.4440:mRNA-p1,-0.002591053,17.08056462,0.00089269,"dynein light chain, putative",2,1,3,10,20,10
20,Tb06.3A7.960:mRNA-p1,0.113905933,18.42477526,0.143805346,hypothetical protein,2,1,3,10,20,10
21,Tb07.11L3.100:mRNA-p1;Tb927.7.2150:mRNA-p1,-0.405415031,15.17445007,0.380223022,SUMO-interacting motif-containing protein,2,1,3,10,20,10
22,Tb07.11L3.90:mRNA-p1;Tb927.7.2140:mRNA-p1,0.000227385,17.54180348,0.000239164,"zinc finger protein family member, putative",2,1,3,10,20,10
23,Tb08.27P2.110:mRNA-p1;Tb927.8.480:mRNA-p1,-0.494096889,16.66024617,0.278811224,"phosphatidic acid phosphatase protein, putative",2,1,3,10,20,10
26,Tb09.v4.0013:mRNA-p1,0.518317217,19.6334595,0.075191852,"retrotransposon hot spot (RHS) protein, putative",2,1,3,10,20,10
27,Tb09.v4.0014:mRNA-p1;Tb09.v4.0110:mRNA-p1;Tb927.9.15850:mRNA-p1,-0.202796071,15.95706257,0.24999979,hypothetical protein,2,1,3,10,20,10
28,Tb09.v4.0015:mRNA-p1,0.464258641,15.29461134,0.41420248,hypothetical protein,2,1,3,10,20,10
29,Tb09.v4.0016:mRNA-p1;Tb11.v5.0463.1-p1,0.104148941,17.29579641,0.092643969,"expression site-associated gene (ESAG) protein, putative",2,1,3,10,20,10
34,Tb09.v4.0119:pseudogenic_transcript-p1,0.902637368,12.07204275,0.475525294,"variant surface glycoprotein (VSG, pseudogene), putative",2,1,3,10,20,10
35,Tb09.v4.0150:pseudogenic_transcript-p1,0.204603817,15.97177216,0.217028893,"variant surface glycoprotein (VSG, pseudogene), putative",2,1,3,10,20,10
36,Tb09.v4.0160:pseudogenic_transcript-p1,0.419258628,16.77065416,0.13585812,"expression site-associated gene 3 (ESAG3, pseudogene), putative",2,1,3,10,20,10
38,Tb10.v4.0033:mRNA-p1;Tb927.10.4430:mRNA-p1,-0.138038008,16.64523524,0.28035227,pumillo RNA binding protein PUF1,2,1,3,10,20,10
39,Tb10.v4.0034:mRNA-p1;Tb927.10.4440:mRNA-p1,-0.127644779,15.9834376,0.304757467,predicted SAP domain protein,2,1,3,10,20,10
40,Tb10.v4.0035:mRNA-p1;Tb927.10.4450:mRNA-p1,-0.107198266,19.99587507,0.229209089,"stress-inducible protein STI1-like, putative",2,1,3,10,20,10
41,Tb10.v4.0036:mRNA-p1;Tb927.10.4460:mRNA-p1,0.090559312,17.78925782,0.102833959,"leucine carboxyl methyltransferase, putative",2,1,3,10,20,10
42,Tb10.v4.0037:mRNA-p1;Tb927.10.4470:mRNA-p1,-0.066869973,17.14642314,0.155014427,"hypothetical protein, conserved",2,1,3,10,20,10
44,Tb10.v4.0039:mRNA-p1;Tb927.10.4490:mRNA-p1,0.115531179,17.58564864,0.083260611,"hypothetical protein, conserved",2,1,3,10,20,10
45,Tb10.v4.0040:mRNA-p1;Tb927.10.4500:mRNA-p1,0.132034529,17.59297111,0.093390095,cap guanine-N7 methyltransferase,2,1,3,10,20,10
46,Tb10.v4.0041:mRNA-p1,0.091942217,18.31806798,0.132125941,"PUB domain containing protein, putative",2,1,3,10,20,10
47,Tb10.v4.0043:mRNA-p1;Tb11.v5.1012.1-p1;Tb927.10.4330:mRNA-p1,0.150314791,15.77691195,0.16662207,"2-oxoisovalerate dehydrogenase beta subunit, mitochondrial precursor, putative",2,1,3,10,20,10
48,Tb10.v4.0044:mRNA-p1;Tb927.10.4320:mRNA-p1,-0.042942259,15.30764304,0.073217279,"hypothetical protein, conserved",2,1,3,10,20,10
49,Tb10.v4.0045:mRNA-p1;Tb927.10.4310:mRNA-p1,-0.118347832,18.66949921,0.196900132,"prohibitin 2, putative",2,1,3,10,20,10
53,Tb10.v4.0246:mRNA-p1;Tb927.10.6900:mRNA-p1,-0.038932153,16.82474891,0.060148998,base J-associated glucosyltransferase,2,1,3,10,20,10
54,Tb11.01.2730.1-p1,0.020236398,17.38580672,0.025263809,"hypothetical protein, conserved",2,1,3,10,20,10
55,Tb11.01.6250:mRNA-p1,-0.017726477,16.74889936,0.012863476,"expression site-associated gene 11 (ESAG11) protein, putative",2,1,3,10,20,10
56,Tb11.02.5070b.1-p1;Tb927.11.7212:mRNA-p1,0.230030527,15.56524847,0.210473982,"NADH-ubiquinone oxidoreductase complex I subunit, putative",2,1,3,10,20,10
57,Tb11.02.5080b.1-p1;Tb927.11.7213:mRNA-p1,-0.097159616,18.77090662,0.174902579,"Endoplasmic Reticulum-Golgi Intermediate Compartment (ERGIC)/Endoplasmic reticulum vesicle transporter, putative",2,1,3,10,20,10
58,Tb11.02.5090.1-p1;Tb11.02.5090b.1-p1,0.123656997,16.52173774,0.18999264,"proliferator-activated receptor-interacting protein (PRIP) interacting protein (PIMT), putative, pseudogene",2,1,3,10,20,10
62,Tb11.02.5380.1-p1;Tb11.02.5380b.1-p1,-0.02554539,18.65129294,0.012647844,"exosome complex exonuclease RRP44p homologue, putative",2,1,3,10,20,10
63,Tb11.02.5390:mRNA-p1;Tb11.02.5390b.1-p1,0.053175232,15.93933877,0.031201173,"mRNA processing protein, putative",2,1,3,10,20,10
64,Tb11.02.5410:mRNA-p1;Tb11.02.5410b:mRNA-p1,-0.030118921,16.96958834,0.026464609,"ubiquitin activating enzyme, putative",2,1,3,10,20,10
65,Tb11.02.5420:mRNA-p1;Tb11.02.5420b.1-p1,0.084986143,20.18803976,0.31420806,"NADPH-cytochrome p450 reductase, putative",2,1,3,10,20,10
66,Tb11.02.5430:mRNA-p1;Tb11.02.5430b.1-p1,-0.194351583,14.96316678,0.266780187,"hypothetical protein, conserved",2,1,3,10,20,10
67,Tb11.0290:mRNA-p1;Tb11.0390:mRNA-p1;Tb927.11.7705:mRNA-p1;Tb927.6.4980:mRNA-p1,-0.341203453,22.61196741,1.296064736,40S ribosomal protein S14,2,1,3,10,20,10
68,Tb11.0330:mRNA-p1;Tb927.11.7670.1-p1,-0.083867939,15.43828897,0.038003188,"Cornifin (SPRR) family, putative",2,1,3,10,20,10
69,Tb11.0350:mRNA-p1;Tb927.11.7650.1-p1,-0.05813171,18.6578323,0.099893331,hypothetical protein,2,1,3,10,20,10
71,Tb11.0520:mRNA-p1;Tb927.10.1130:mRNA-p1,-0.109659008,17.53238146,0.35788035,"dynein arm light chain, axonemal, putative",2,1,3,10,20,10
72,Tb11.0530:mRNA-p1;Tb927.10.1140:mRNA-p1,0.007645154,15.97030652,0.010081834,epsilon tubulin,2,1,3,10,20,10
73,Tb11.0540:mRNA-p1;Tb927.10.1150:mRNA-p1,0.191063851,13.22604061,0.048173345,"hypothetical protein, conserved",2,1,3,10,20,10
74,Tb11.0840:mRNA-p1,-0.406633844,14.09565244,0.07699051,hypothetical protein,2,1,3,10,20,10
75,Tb11.0845:mRNA-p1;Tb927.11.18680:mRNA-p1;Tb927.11.715:mRNA-p1,0.041836439,22.25187743,0.047254362,"dynein light chain LC8, putative",2,1,3,10,20,10
76,Tb11.1220:mRNA-p1;Tb11.v5.0996.1-p1,-0.075127812,20.65963541,0.104091003,"hypothetical protein, conserved",2,1,3,10,20,10
77,Tb11.1240:mRNA-p1;Tb11.v5.0998.1-p1;Tb927.10.15270:mRNA-p1,-0.061578472,19.50647836,0.026114731,"metallo- peptidase, Clan MG, Family M24",2,1,3,10,20,10
78,Tb11.1370.1-p1;Tb11.1420:mRNA-p1;Tb927.11.1850:mRNA-p1,0.714921449,17.37894238,0.365311555,"hypothetical protein, conserved",2,1,3,10,20,10
79,Tb11.1380.1-p1;Tb927.11.1840:mRNA-p1,-0.017058043,21.80194163,0.013208968,"hypothetical protein, conserved",2,1,3,10,20,10
80,Tb11.1780.1-p1,0.302937892,20.81646002,0.549415318,"retrotransposon hot spot protein 1 (RHS1, pseudogene), putative",2,1,3,10,20,10
81,Tb11.1790.1-p1,-0.038158339,18.64766168,0.038859499,"retrotransposon hot spot protein (RHS, pseudogene), putative",2,1,3,10,20,10
82,Tb11.1800:pseudogenic_transcript-p1;Tb11.v5.0442.1-p1,-0.076729891,18.71841881,0.219875825,"retrotransposon hot spot protein, RHS3, putative",2,1,3,10,20,10
83,Tb11.v5.0150.1-p1;Tb927.7.4650:mRNA-p1,0.157612815,15.16772868,0.060148998,J Biosynthesis Protein 2,2,1,3,10,20,10
84,Tb11.v5.0152.1-p1;Tb927.7.4670:mRNA-p1,-0.132178242,17.24752112,0.275322593,ribosomal RNA processing protein 4,2,1,3,10,20,10
85,Tb11.v5.0153.1-p1;Tb927.7.4690:mRNA-p1,-0.018508011,16.45930368,0.008164481,hypothetical protein,2,1,3,10,20,10
87,Tb11.v5.0157.1-p1;Tb927.7.4740:mRNA-p1,-0.15651416,18.0886531,0.067354911,"hypothetical protein, conserved",2,1,3,10,20,10
88,Tb11.v5.0158.1-p1;Tb927.7.4750:mRNA-p1,0.09897196,18.32622604,0.094916159,"hypothetical protein, conserved",2,1,3,10,20,10
89,Tb11.v5.0160.1-p1;Tb927.7.4770:mRNA-p1,-0.013030117,22.29385212,0.026464609,"cyclophilin-type peptidyl-prolyl cis-trans isomerase, putative",2,1,3,10,20,10
91,Tb11.v5.0162.1-p1;Tb927.7.4790:mRNA-p1,-0.212673512,20.40129452,0.632933727,proteasome beta 6 subunit,2,1,3,10,20,10
92,Tb11.v5.0163.1-p1;Tb927.7.4810:mRNA-p1,0.02728684,17.93852458,0.015631664,"HD domain containing protein, putative",2,1,3,10,20,10
93,Tb11.v5.0164.1-p1;Tb927.7.4820:mRNA-p1,-0.034626237,16.34429041,0.012493711,"Trm112p-like protein, putative",2,1,3,10,20,10
94,Tb11.v5.0166.1-p1;Tb927.7.4840:mRNA-p1,-0.171190691,16.5270435,0.411964818,"hypothetical protein, conserved",2,1,3,10,20,10
96,Tb11.v5.0168.1-p1;Tb927.7.4860:mRNA-p1,-0.073126334,14.93807916,0.032197906,kinetoplastid kinetochore protein 13,2,1,3,10,20,10
97,Tb11.v5.0169.1-p1;Tb927.7.4870:mRNA-p1,-0.016137326,18.78561773,0.021355865,"hypothetical protein, conserved",2,1,3,10,20,10
98,Tb11.v5.0170.1-p1;Tb927.7.4890:mRNA-p1,-0.316239038,15.59562102,0.445722832,Present in the outer mitochondrial membrane proteome 34,2,1,3,10,20,10
99,Tb11.v5.0171.1-p1;Tb927.7.4900:mRNA-p1,0.25985031,18.88805088,0.412770741,5'-3' exoribonuclease A,2,1,3,10,20,10
100,Tb11.v5.0172.1-p1;Tb927.7.4910:mRNA-p1,-0.115830164,19.55280012,0.217028893,"hypothetical protein, conserved",2,1,3,10,20,10
102,Tb11.v5.0177.1-p1;Tb927.7.4960:mRNA-p1,0.108055045,17.04471548,0.172182056,"hypothetical protein, conserved",2,1,3,10,20,10
103,Tb11.v5.0180.1-p1;Tb927.7.4990:mRNA-p1,0.133545774,17.93871596,0.154599279,"hypothetical protein, conserved",2,1,3,10,20,10
104,Tb11.v5.0181.1-p1;Tb11.v5.0182.1-p1;Tb927.7.5000:mRNA-p1;Tb927.7.5020:mRNA-p1,-0.199661246,23.58003788,0.938678297,"60S ribosomal protein L19, putative",2,1,3,10,20,10
105,Tb11.v5.0183.1-p1;Tb927.7.5030:mRNA-p1,0.001233855,20.70095946,0.003006683,"hypothetical protein, conserved",2,1,3,10,20,10
106,Tb11.v5.0184.1-p1;Tb927.7.5040:mRNA-p1,0.148205163,13.01666485,0.062084352,"kinesin, putative",2,1,3,10,20,10
107,Tb11.v5.0185.1-p1;Tb927.7.5050:mRNA-p1,0.840584744,18.04855233,0.268829727,"hypothetical protein, conserved",2,1,3,10,20,10
108,Tb11.v5.0187.1-p1;Tb927.7.5070:mRNA-p1,-0.107248268,15.18392418,0.02854539,hypothetical protein,2,1,3,10,20,10
109,Tb11.v5.0188.1-p1;Tb927.7.5080:mRNA-p1,1.223672311,13.28112313,0.819518762,ATP-NAD kinase-like protein,2,1,3,10,20,10
110,Tb11.v5.0190.1-p1;Tb927.10.5950:mRNA-p1,0.343940147,16.06772258,0.184100732,"Serine/threonine-protein kinase NEK17, putative",2,1,3,10,20,10
111,Tb11.v5.0191.1-p1;Tb927.10.5960:mRNA-p1,0.055712429,17.15064274,0.050057127,"engulfment and cell motility domain 2, putative",2,1,3,10,20,10
112,Tb11.v5.0193.1-p1;Tb927.10.5990:mRNA-p1,0.342133409,18.03803363,1.117115451,"Centrosomal protein of 57 kDa, putative",2,1,3,10,20,10
113,Tb11.v5.0194.1-p1;Tb927.10.6000:mRNA-p1,0.267012578,19.16077472,0.218352077,"hypothetical protein, conserved",2,1,3,10,20,10
114,Tb11.v5.0196.1-p1,-0.158678021,19.94883815,0.420036064,"Proteasome subunit A N-terminal signature/Proteasome subunit, putative",2,1,3,10,20,10
116,Tb11.v5.0199.1-p1;Tb927.10.6060:mRNA-p1,-0.19688102,21.19794586,0.405699867,universal minicircle sequence binding protein 2,2,1,3,10,20,10
117,Tb11.v5.0200.1-p1;Tb927.10.6080:mRNA-p1,-0.026481731,22.64981114,0.011332942,"proteasome subunit beta type-5, putative",2,1,3,10,20,10
119,Tb11.v5.0203.1-p1;Tb927.10.6110:mRNA-p1,0.144768616,17.32530684,0.288429624,"hypothetical protein, conserved",2,1,3,10,20,10
120,Tb11.v5.0204.1-p1;Tb927.10.6120:mRNA-p1,-0.146156862,14.82789049,0.09951923,"Peptidase M76 family, putative",2,1,3,10,20,10
122,Tb11.v5.0208.1-p1;Tb927.5.310:mRNA-p1,0.132300041,18.83817318,0.094916159,"invariant surface glycoprotein, putative",2,1,3,10,20,10
123,Tb11.v5.0210.1-p1;Tb927.5.286b:mRNA-p1,0.156623137,14.10899551,0.093390095,adenosine transporter 1,2,1,3,10,20,10
124,Tb11.v5.0213.1-p1;Tb927.5.291b:mRNA-p1,-0.131770439,19.91417466,0.015605422,"variant surface glycoprotein (VSG)-related, putative",2,1,3,10,20,10
125,Tb11.v5.0214.1-p1;Tb927.5.295b:mRNA-p1,0.030770767,20.76833461,0.03185878,retrotransposon hotspot (RHS) protein 1,2,1,3,10,20,10
126,Tb11.v5.0215.1-p1;Tb927.5.300:mRNA-p1;Tb927.5.300b:mRNA-p1,0.381590829,18.07187236,2.046267053,"2-oxoglutarate (2OG) and Fe(II)-dependent oxygenase superfamily protein, putative",2,1,3,10,20,10
127,Tb11.v5.0216.1-p1;Tb927.5.309b:mRNA-p1,0.023587981,20.19866445,0.039123186,"invariant surface glycoprotein, putative",2,1,3,10,20,10
128,Tb11.v5.0218.1-p1;Tb927.5.500:mRNA-p1,-0.005019098,19.1854318,0.003268003,"hypothetical protein, conserved",2,1,3,10,20,10
129,Tb11.v5.0219.1-p1;Tb927.5.490:mRNA-p1,-0.034765905,16.82879278,0.031630371,"methyltransferase, putative",2,1,3,10,20,10
131,Tb11.v5.0226.1-p1;Tb927.5.410:mRNA-p1,0.320536682,14.34590251,0.458021145,"invariant surface glycoprotein, putative",2,1,3,10,20,10
132,Tb11.v5.0228.1-p1;Tb927.5.390:mRNA-p1,-0.016475353,20.18000991,0.028127686,"75 kDa invariant surface glycoprotein, putative",2,1,3,10,20,10
133,Tb11.v5.0230.1-p1;Tb927.5.370:mRNA-p1,0.085881717,18.1737823,0.0667773,"75 kDa invariant surface glycoprotein, putative",2,1,3,10,20,10
134,Tb11.v5.0231.1-p1;Tb927.5.360:mRNA-p1,-0.156328647,19.65828601,0.299228371,75 kDa invariant surface glycoprotein,2,1,3,10,20,10
135,Tb11.v5.0232.1-p1;Tb927.10.5250:mRNA-p1,0.091085306,17.85763519,0.195153997,"zinc finger protein family member, putative",2,1,3,10,20,10
136,Tb11.v5.0233.1-p1;Tb927.10.5240:mRNA-p1,-0.043402903,15.1230375,0.015605422,"cAMP binding protein, putative",2,1,3,10,20,10
138,Tb11.v5.0237.1-p1;Tb927.10.5200:mRNA-p1,-0.184502589,15.84520449,0.217028893,"hypothetical protein, conserved",2,1,3,10,20,10
139,Tb11.v5.0243.1-p1;Tb11.v5.1060.1-p1;Tb927.10.5330:mRNA-p1;Tb927.10.5340:mRNA-p1,-0.258471147,23.34729504,1.716298072,"40S ribosomal protein S18, putative",2,1,3,10,20,10
140,Tb11.v5.0245.1-p1;Tb927.10.5310:mRNA-p1,-0.005722061,15.29009992,0.003881331,"AMP-activated kinase, alpha 1",2,1,3,10,20,10
141,Tb11.v5.0246.1-p1;Tb927.10.5300:mRNA-p1,-0.122357094,18.83961837,0.403155844,"eukaryotic translation initiation factor 6 (eIF-6), putative",2,1,3,10,20,10
142,Tb11.v5.0248.1-p1;Tb927.10.5280:mRNA-p1,-0.012246938,15.80057945,0.011332942,"pre-mRNA splicing factor ATP-dependent RNA helicase, putative",2,1,3,10,20,10
144,Tb11.v5.0252.1-p1;Tb927.11.7310:mRNA-p1,-0.153253443,17.15926575,0.196900132,"RNA binding protein, putative",2,1,3,10,20,10
145,Tb11.v5.0253.1-p1;Tb927.11.7300:mRNA-p1,0.033172531,17.40238425,0.030320788,"major facilitator superfamily, putative",2,1,3,10,20,10
146,Tb11.v5.0254.1-p1;Tb927.11.7290:mRNA-p1,-0.220468972,17.60714591,0.416175069,"pantothenate kinase subunit, putative",2,1,3,10,20,10
147,Tb11.v5.0255.1-p1;Tb927.11.7280:mRNA-p1,0.241911076,16.99063823,0.093390095,"DNA-direcetd RNA polymerase II, subunit 9, putative",2,1,3,10,20,10
148,Tb11.v5.0256.1-p1;Tb927.11.7270:mRNA-p1,0.12184896,19.40306988,0.176682117,"proteasome beta 3 subunit, putative",2,1,3,10,20,10
150,Tb11.v5.0258.1-p1;Tb927.11.7240:mRNA-p1,-0.059092066,17.61895785,0.093390095,nexin-dynein regulatory complex 2,2,1,3,10,20,10
151,Tb11.v5.0261.1-p1;Tb927.7.4480:mRNA-p1,0.385695388,20.43628105,0.549415318,"adenosine 5'-monophosphoramidase, putative",2,1,3,10,20,10
152,Tb11.v5.0262.1-p1;Tb927.7.4490:mRNA-p1,-0.191621789,18.10295754,0.068189285,"hypothetical protein, conserved",2,1,3,10,20,10
153,Tb11.v5.0263.1-p1;Tb927.7.4500:mRNA-p1,0.245257763,21.5486978,0.349082355,"PX domain containing protein, putative",2,1,3,10,20,10
154,Tb11.v5.0264.1-p1;Tb927.7.4510:mRNA-p1,-0.465754505,17.0845062,0.614406236,"Domain of unknown function (DUF4201), putative",2,1,3,10,20,10
155,Tb11.v5.0265.1-p1;Tb927.7.4520:mRNA-p1,0.214119669,22.46195912,0.200232056,"Thioredoxin-like, putative",2,1,3,10,20,10
158,Tb11.v5.0270.1-p1;Tb927.7.4570:mRNA-p1,-0.034571349,21.02206498,0.065211098,inosine-guanine nucleoside hydrolase,2,1,3,10,20,10
159,Tb11.v5.0271.1-p1;Tb927.10.6350:mRNA-p1,0.18852476,19.22081323,0.496599945,trypanin,2,1,3,10,20,10
160,Tb11.v5.0273.1-p1;Tb927.10.6330:mRNA-p1,-0.057243366,16.37141815,0.045178727,kinetoplastid kinetochore protein 1,2,1,3,10,20,10
161,Tb11.v5.0274.1-p1;Tb927.10.6320:mRNA-p1,0.067024213,17.96439914,0.070506903,"CBF/Mak21 family, putative",2,1,3,10,20,10
162,Tb11.v5.0275.1-p1;Tb927.10.6310:mRNA-p1,0.025670715,20.45266749,0.008297487,"major vault protein, putative",2,1,3,10,20,10
164,Tb11.v5.0277.1-p1;Tb927.10.6290:mRNA-p1,-0.086478929,18.78398803,0.038274864,"ATP-dependent DEAD/H RNA helicase, putative",2,1,3,10,20,10
165,Tb11.v5.0289.1-p1;Tb927.11.12770:mRNA-p1,0.114454931,14.69206036,0.06991769,"ubiquitin ligase, putative",2,1,3,10,20,10
166,Tb11.v5.0291.1-p1;Tb927.11.12750:mRNA-p1,-0.176367981,16.98067513,0.268572055,cleavage and polyadenylation specificity factor 30 kDa subunit,2,1,3,10,20,10
168,Tb11.v5.0305.1-p1;Tb927.10.15950:mRNA-p1,0.093541905,15.91207013,0.044057205,TATA-box-binding protein,2,1,3,10,20,10
169,Tb11.v5.0325.1-p1,0.008221399,17.95792547,0.012670741,"retrotransposon hot spot (RHS) protein, putative",2,1,3,10,20,10
170,Tb11.v5.0326.1-p1,0.242724417,18.57735593,0.404710747,"retrotransposon hot spot (RHS) protein, putative",2,1,3,10,20,10
171,Tb11.v5.0330.1-p1;Tb927.10.8440:mRNA-p1,0.411872444,21.71396737,1.149057012,glucose transporter 1B,2,1,3,10,20,10
172,Tb11.v5.0339.1-p1;Tb927.10.5080:mRNA-p1,0.141666315,17.29641911,0.082430907,GPI transamidase component Tta2,2,1,3,10,20,10
173,Tb11.v5.0340.1-p1;Tb927.10.5070:mRNA-p1,0.084444489,17.01440979,0.03631102,"ribonuclease H, putative",2,1,3,10,20,10
174,Tb11.v5.0342.1-p1;Tb927.10.5040:mRNA-p1,0.008348872,15.88000792,0.005630781,"chaperone protein DnaJ, putative",2,1,3,10,20,10
176,Tb11.v5.0356.1-p1;Tb927.1.1240:mRNA-p1,-0.113015123,20.37563619,0.01400138,"cytidine triphosphate synthase, putative",2,1,3,10,20,10
178,Tb11.v5.0365.1-p1,-0.164977853,19.5088285,0.295676794,"hypothetical protein, conserved",2,1,3,10,20,10
179,Tb11.v5.0366.1-p1,-0.318084068,18.13807297,0.243325249,"hypothetical protein, conserved",2,1,3,10,20,10
182,Tb11.v5.0374.1-p1;Tb927.10.510:mRNA-p1,-0.089115113,17.92944113,0.19464524,Present in the outer mitochondrial membrane proteome 19,2,1,3,10,20,10
183,Tb11.v5.0384.1-p1;Tb927.1.1130:mRNA-p1,0.210294272,16.53248493,0.208497072,"glycerol-3-phosphate dehydrogenase (FAD-dependent), putative",2,1,3,10,20,10
184,Tb11.v5.0387.1-p1;Tb927.11.1180:mRNA-p1,-0.047253649,18.65583682,0.055451583,"cdc2-related kinase 6, putative",2,1,3,10,20,10
185,Tb11.v5.0391.1-p1;Tb927.1.1370:mRNA-p1,-0.041907668,17.93822831,0.046938464,"rRNA biogenesis protein, putative",2,1,3,10,20,10
186,Tb11.v5.0394.1-p1,0.112011985,20.57136945,0.187723444,"hypothetical protein, conserved",2,1,3,10,20,10
187,Tb11.v5.0396.1-p1;Tb927.10.16170:mRNA-p1,0.08685036,16.17553003,0.086895987,"potassium voltage-gated channel, putative",2,1,3,10,20,10
188,Tb11.v5.0397.1-p1;Tb927.10.16150:mRNA-p1,-0.171972914,18.36722334,0.039423336,"ATP-dependent zinc metallopeptidase, putative",2,1,3,10,20,10
189,Tb11.v5.0406.1-p1;Tb927.10.15910:mRNA-p1,-0.103502487,17.76859458,0.099941675,Glycerol uptake protein 1,2,1,3,10,20,10
190,Tb11.v5.0414.1-p1;Tb927.10.540:mRNA-p1,0.006657188,22.42059992,0.012647844,"ATP-dependent RNA helicase SUB2, putative",2,1,3,10,20,10
191,Tb11.v5.0420.1-p1;Tb927.10.14490:mRNA-p1,0.096414625,20.83818167,0.146728111,"hypothetical protein, conserved",2,1,3,10,20,10
192,Tb11.v5.0421.1-p1;Tb927.5.350:mRNA-p1,-0.072553824,17.78949242,0.092029363,"75 kDa invariant surface glycoprotein, putative",2,1,3,10,20,10
193,Tb11.v5.0422.1-p1,-0.090025346,18.25106126,0.210473982,"SET domain containing protein, putative",2,1,3,10,20,10
194,Tb11.v5.0426.1-p1;Tb927.1.1640:mRNA-p1,0.219821117,16.33951215,0.256685578,"hypothetical protein, conserved",2,1,3,10,20,10
195,Tb11.v5.0427.1-p1;Tb927.10.15850:mRNA-p1,-0.058983938,19.22038019,0.055451583,Peroxisome biogenesis factor 12,2,1,3,10,20,10
196,Tb11.v5.0433.1-p1;Tb927.11.12720:mRNA-p1,0.413347607,16.42467469,0.197104408,"hypothetical protein, conserved",2,1,3,10,20,10
197,Tb11.v5.0434.1-p1;Tb927.10.15390:mRNA-p1,0.053931927,17.72726477,0.039423336,Flagellum attachment zone protein 7,2,1,3,10,20,10
198,Tb11.v5.0435.1-p1;Tb927.11.3650:mRNA-p1,-0.062918373,22.19545853,0.185746095,"adenylosuccinate synthetase, putative",2,1,3,10,20,10
199,Tb11.v5.0436.1-p1;Tb927.1.1030:mRNA-p1,0.190662769,17.15471472,0.319206462,Nucleolar protein 49,2,1,3,10,20,10
200,Tb11.v5.0464.1-p1;Tb927.1.1560:mRNA-p1,0.0721967,21.66629012,0.017313585,"vesicular-fusion protein nsf, putative",2,1,3,10,20,10
201,Tb11.v5.0468.1-p1,0.01789918,23.34954621,0.008545692,"alpha tubulin, putative",2,1,3,10,20,10
202,Tb11.v5.0469.1-p1;Tb927.1.2330:mRNA-p1;Tb927.1.2350:mRNA-p1;Tb927.1.2370:mRNA-p1;Tb927.1.2390:mRNA-p1,-0.016849088,27.59668317,0.02393133,beta tubulin,2,1,3,10,20,10
203,Tb11.v5.0474.1-p1;Tb927.3.3290:mRNA-p1,-0.055751032,15.91524911,0.050057127,"protein kinase, putative",2,1,3,10,20,10
204,Tb11.v5.0480.1-p1,0.052682489,18.16366052,0.037558748,"DNA-directed RNA polymerase, alpha subunit, putative",2,1,3,10,20,10
205,Tb11.v5.0481.1-p1;Tb927.10.15380:mRNA-p1,0.078387643,16.74228902,0.019415837,"U3 snoRNA-associated protein UTP11, putative",2,1,3,10,20,10
206,Tb11.v5.0485.1-p1;Tb927.10.9280:mRNA-p1,2.664719976,19.50162798,0.893894505,"hypothetical protein, conserved",2,1,3,10,20,10
207,Tb11.v5.0487.1-p1,0.008926431,17.14531139,0.010081834,"Programmed cell death protein 2, C-terminal putative domain containing protein, putative",2,1,3,10,20,10
208,Tb11.v5.0489.1-p1,0.019523422,17.87762721,0.012809826,"retrotransposon hot spot (RHS) protein, putative",2,1,3,10,20,10
210,Tb11.v5.0500.1-p1;Tb927.10.660:mRNA-p1,0.09557375,16.23019535,0.219875825,"2-oxoisovalerate dehydrogenase alpha subunit, putative",2,1,3,10,20,10
211,Tb11.v5.0501.1-p1;Tb927.10.3940:mRNA-p1,-0.266728496,22.73601085,2.046267053,"40S ribosomal protein S3A, putative",2,1,3,10,20,10
212,Tb11.v5.0502.1-p1;Tb927.10.3920:mRNA-p1,-0.80585295,17.87142282,0.475525294,"hypothetical protein, conserved",2,1,3,10,20,10
213,Tb11.v5.0507.1-p1;Tb927.10.15470:mRNA-p1,-0.033637769,16.33074399,0.02393133,"hypothetical protein, conserved",2,1,3,10,20,10
216,Tb11.v5.0516.1-p1;Tb927.10.6880:mRNA-p1,-0.001994353,22.13277104,0.003734999,"glyceraldehyde 3-phosphate dehydrogenase, cytosolic",2,1,3,10,20,10
217,Tb11.v5.0517.1-p1;Tb927.11.4050:mRNA-p1,0.200366304,16.3325914,0.412770741,"hypothetical protein, conserved",2,1,3,10,20,10
219,Tb11.v5.0523.1-p1;Tb927.1.780:mRNA-p1,-0.053909888,16.41314459,0.048173345,leucine-rich repeat-containing protein,2,1,3,10,20,10
220,Tb11.v5.0527.1-p1;Tb927.10.16110:mRNA-p1,-0.157287491,19.26356342,0.286425763,component of motile flagella 1,2,1,3,10,20,10
221,Tb11.v5.0530.1-p1;Tb927.9.3630:mRNA-p1,-0.094861361,18.41649374,0.288968333,"BSD domain containing protein, putative",2,1,3,10,20,10
222,Tb11.v5.0531.1-p1;Tb927.10.5620:mRNA-p1,-0.04402664,26.21034931,0.030890442,"fructose-bisphosphate aldolase, glycosomal",2,1,3,10,20,10
223,Tb11.v5.0537.1-p1,0.107994232,23.90805952,0.131606499,"polyubiquitin, putative",2,1,3,10,20,10
224,Tb11.v5.0538.1-p1;Tb927.8.4970:mRNA-p1;Tb927.8.4980:mRNA-p1;Tb927.8.4990:mRNA-p1;Tb927.8.5000:mRNA-p1;Tb927.8.5010:mRNA-p1,0.151151,23.3659929,0.268754072,Paraflagellar rod protein 2-5,2,1,3,10,20,10
225,Tb11.v5.0540.1-p1,-0.020491655,19.03853386,0.019415837,"amino acid transporter 8, putative",2,1,3,10,20,10
226,Tb11.v5.0543.1-p1;Tb927.10.10890:mRNA-p1;Tb927.10.10900:mRNA-p1;Tb927.10.10920:mRNA-p1;Tb927.10.10940:mRNA-p1;Tb927.10.10950:mRNA-p1;Tb927.10.10960:mRNA-p1,-0.123802924,25.03582515,0.782392591,"heat shock protein, putative",2,1,3,10,20,10
227,Tb11.v5.0544.1-p1;Tb927.11.15470:mRNA-p1,-0.107683566,13.53803754,0.028127686,methionyl-tRNA formyltransferase,2,1,3,10,20,10
228,Tb11.v5.0553.1-p1,0.062914103,16.44011518,0.028127686,"ubiquitin hydrolase, putative",2,1,3,10,20,10
229,Tb11.v5.0555.1-p1;Tb927.10.5390:mRNA-p1,-0.020765428,15.62509454,0.017313585,"hypothetical protein, conserved",2,1,3,10,20,10
230,Tb11.v5.0563.1-p1;Tb927.10.13270:mRNA-p1,-0.255395976,17.25830028,0.221852521,"Periodic tryptophan protein 2 homolog, putative",2,1,3,10,20,10
231,Tb11.v5.0564.1-p1;Tb927.10.350:mRNA-p1,0.158788806,18.38629517,0.180816132,"protein kinase PK4, putative",2,1,3,10,20,10
233,Tb11.v5.0574.1-p1;Tb927.5.2540:mRNA-p1,0.006667384,15.7239413,0.004438702,"Organic solute transport protein 1, putative",2,1,3,10,20,10
234,Tb11.v5.0578.1-p1;Tb927.10.6720:mRNA-p1,0.264257698,19.9865052,0.387017512,"Plasma-membrane choline transporter, putative",2,1,3,10,20,10
236,Tb11.v5.0587.1-p1;Tb927.11.4610:mRNA-p1,0.045773038,20.51785943,0.100511346,protein kinase A regulatory subunit,2,1,3,10,20,10
237,Tb11.v5.0594.1-p1,-0.066134699,18.42763242,0.064391073,"retrotransposon hot spot (RHS) protein, putative",2,1,3,10,20,10
238,Tb11.v5.0597.1-p1;Tb927.10.4800:mRNA-p1,0.249821241,16.26945407,0.536806569,"J binding protein 3, putative",2,1,3,10,20,10
239,Tb11.v5.0604.1-p1;Tb927.10.11340:mRNA-p1,0.004927757,15.76830409,0.003887468,"hypothetical protein, conserved",2,1,3,10,20,10
240,Tb11.v5.0611.1-p1;Tb927.7.2570:mRNA-p1,0.095992558,19.43346305,0.123501101,"guide RNA associated protein, GAP2",2,1,3,10,20,10
241,Tb11.v5.0612.1-p1;Tb927.7.7070:mRNA-p1,0.044344497,19.73129359,0.0667773,"MYND finger, putative",2,1,3,10,20,10
242,Tb11.v5.0620.1-p1,-0.093556376,16.33002095,0.050372214,"COG4 transport protein, putative",2,1,3,10,20,10
243,Tb11.v5.0624.1-p1,-0.052609541,19.55687717,0.06991769,"retrotransposon hot spot protein (PHS), putative",2,1,3,10,20,10
244,Tb11.v5.0626.1-p1;Tb927.10.14800:mRNA-p1,-0.08967957,18.53188349,0.262604047,"mitogen-activated protein kinase 9, putative",2,1,3,10,20,10
245,Tb11.v5.0631.1-p1;Tb927.10.960:mRNA-p1,-0.013152745,17.37534363,0.028127686,U4/U6-specific protein PRP4,2,1,3,10,20,10
246,Tb11.v5.0634.1-p1;Tb927.6.3520:mRNA-p1,0.166756118,15.11975189,0.137025124,"Uncharacterised ACR, YagE family COG1723, putative",2,1,3,10,20,10
247,Tb11.v5.0636.1-p1;Tb927.10.14890:mRNA-p1,0.236337924,24.81305942,0.067374225,"C-terminal motor kinesin, putative",2,1,3,10,20,10
248,Tb11.v5.0637.1-p1;Tb927.10.380:mRNA-p1,-1.111854988,18.06553111,0.092119222,kinetoplast ribosomal PPR-repeat containing protein 5,2,1,3,10,20,10
250,Tb11.v5.0639.1-p1;Tb927.5.1230:mRNA-p1,-0.065385382,18.3798301,0.094830029,"hypothetical protein, conserved",2,1,3,10,20,10
252,Tb11.v5.0650.1-p1;Tb927.10.2890:mRNA-p1,-0.054945323,25.33483771,0.15574566,enolase,2,1,3,10,20,10
253,Tb11.v5.0652.1-p1;Tb927.7.3210:mRNA-p1,0.498557127,16.5510354,0.549415318,"Pseudokinase, putative",2,1,3,10,20,10
254,Tb11.v5.0655.1-p1;Tb927.2.830:pseudogenic_transcript-p1,-0.029722878,18.23132982,0.043004312,"retrotransposon hot spot protein 1 (RHS1), interrupted",2,1,3,10,20,10
255,Tb11.v5.0663.1-p1;Tb927.9.15480:mRNA-p1,-0.067633058,21.20712631,0.0667773,hypothetical protein,2,1,3,10,20,10
256,Tb11.v5.0667.1-p1;Tb927.11.15650:mRNA-p1,0.112308229,16.45281847,0.064087952,terminal uridylyltransferase 4,2,1,3,10,20,10
257,Tb11.v5.0668.1-p1;Tb927.10.8230:mRNA-p1,-0.040914603,23.49382352,0.114727057,protein disulfide isomerase 2,2,1,3,10,20,10
258,Tb11.v5.0670.1-p1,0.341255529,18.36591138,0.303931027,"retrotransposon hot spot (RHS) protein, putative",2,1,3,10,20,10
259,Tb11.v5.0671.1-p1;Tb927.10.13010:mRNA-p1,-0.107323056,18.48367917,0.195666228,cAMP-dependent protein kinase catalytic subunit 3,2,1,3,10,20,10
260,Tb11.v5.0674.1-p1;Tb927.10.11360:mRNA-p1,-0.027167184,14.91236063,0.030890442,"protein phosphatase 2A regulatory subunit, putative",2,1,3,10,20,10
261,Tb11.v5.0680.1-p1;Tb927.10.9100:mRNA-p1,0.065939334,16.87860674,0.031201173,"hypothetical protein, conserved",2,1,3,10,20,10
262,Tb11.v5.0684.1-p1;Tb927.10.2770:mRNA-p1,0.129475078,22.04101709,0.045756792,"eukaryotic translation initiation factor 5, putative",2,1,3,10,20,10
263,Tb11.v5.0707.1-p1;Tb927.10.8650:mRNA-p1,-0.124373234,18.20492232,0.320728736,"ran binding protein, putative",2,1,3,10,20,10
265,Tb11.v5.0713.1-p1,-0.057628641,22.20786994,0.130841912,"Retrotransposon hot spot protein 6 (RHS6), putative",2,1,3,10,20,10
267,Tb11.v5.0718.1-p1;Tb927.10.13780:mRNA-p1,-0.044300341,20.31589521,0.04230738,Glycogen synthase kinase 3 short,2,1,3,10,20,10
268,Tb11.v5.0731.1-p1,0.00949253,18.47916096,0.006306456,"65 kDa invariant surface glycoprotein, putative",2,1,3,10,20,10
270,Tb11.v5.0738.1-p1;Tb927.8.3510:mRNA-p1;Tb927.8.3910:mRNA-p1,-0.081062603,16.5407888,0.187723444,"thymidylate kinase, putative",2,1,3,10,20,10
271,Tb11.v5.0741.1-p1;Tb927.3.3770:mRNA-p1;Tb927.3.3790:mRNA-p1,-0.141589492,20.28814191,0.174902579,"hypothetical protein, conserved",2,1,3,10,20,10
272,Tb11.v5.0742.1-p1;Tb927.6.1260:mRNA-p1,-0.234854675,20.12612973,0.286931976,"proteasome beta-1 subunit, putative",2,1,3,10,20,10
273,Tb11.v5.0746.1-p1;Tb927.11.6090:mRNA-p1,0.068019573,16.08668166,0.10487349,"tatD related deoxyribonuclease, putative",2,1,3,10,20,10
275,Tb11.v5.0775.1-p1;Tb927.10.7560:mRNA-p1,-0.377714617,16.63949488,0.123801871,"methyltransferase domain containing protein, putative",2,1,3,10,20,10
278,Tb11.v5.0807.1-p1;Tb927.9.13510:mRNA-p1,-0.063962577,19.49226449,0.037740634,Poly(A)-specific ribonuclease PARN-3,2,1,3,10,20,10
279,Tb11.v5.0809.1-p1;Tb927.10.6570:mRNA-p1,-0.254943907,15.5110404,0.138450798,"TPR repeat, putative",2,1,3,10,20,10
281,Tb11.v5.0818.1-p1;Tb927.3.2340:mRNA-p1,0.054475747,18.37484359,0.114178794,Peroxisome biogenesis protein 2,2,1,3,10,20,10
283,Tb11.v5.0828.1-p1;Tb927.9.6320:mRNA-p1,0.036073638,17.65927628,0.030524418,"hypothetical protein, conserved",2,1,3,10,20,10
284,Tb11.v5.0831.1-p1;Tb927.3.3400:mRNA-p1,0.067385023,17.05840418,0.056111642,"kinesin, putative",2,1,3,10,20,10
285,Tb11.v5.0832.1-p1;Tb927.10.1800:mRNA-p1,0.019642518,16.21877496,0.015162831,"methyltransferase domain containing protein, putative",2,1,3,10,20,10
289,Tb11.v5.0841.1-p1;Tb927.7.910:mRNA-p1,0.251116329,15.54374197,0.102967466,"hypothetical protein, conserved",2,1,3,10,20,10
290,Tb11.v5.0853.1-p1;Tb927.10.10020:mRNA-p1,0.016390685,17.40442119,0.014438553,"Rab5 GDP/GTP exchange factor (Rabex-5), putative",2,1,3,10,20,10
291,Tb11.v5.0861.1-p1;Tb927.8.4030:mRNA-p1;Tb927.8.4080:mRNA-p1,-0.085872908,18.11707544,0.19758257,"hypothetical protein, conserved",2,1,3,10,20,10
294,Tb11.v5.0902.1-p1;Tb927.10.6700:mRNA-p1,-0.04814891,17.62023729,0.045864714,Kinetochore interacting protein 3,2,1,3,10,20,10
298,Tb11.v5.0962.1-p1;Tb927.4.3090:mRNA-p1,-0.18971604,15.69559792,0.168786654,"hypothetical protein, conserved",2,1,3,10,20,10
299,Tb11.v5.0967.1-p1;Tb927.4.3000:mRNA-p1,0.083929037,16.53113759,0.092600934,"hypothetical protein, conserved",2,1,3,10,20,10
300,Tb11.v5.0968.1-p1;Tb927.4.2990:mRNA-p1,-0.101230475,16.86642237,0.174902579,"hypothetical protein, conserved",2,1,3,10,20,10
302,Tb11.v5.0985.1-p1;Tb927.5.130:mRNA-p1,-0.071382842,17.85324247,0.019415837,"variant surface glycoprotein (VSG)-related, putative",2,1,3,10,20,10
304,Tb11.v5.1013.1-p1;Tb927.10.11640:mRNA-p1,-0.211802935,15.8647209,0.350296438,"Protein prenyltransferase alpha subunit repeat, putative",2,1,3,10,20,10
306,Tb11.v5.1022.1-p1;Tb927.10.3340:mRNA-p1,0.117090343,15.08079281,0.040162189,"CMGC/MAPK protein kinase, putative",2,1,3,10,20,10
307,Tb11.v5.1026.1-p1,-0.104856408,16.67266485,0.176483241,"procyclin-associated gene 2-like protein, putative",2,1,3,10,20,10
308,Tb11.v5.1046.1-p1;Tb927.10.2090:mRNA-p1;Tb927.10.2100:mRNA-p1;Tb927.10.2110:mRNA-p1,0.117176632,26.25820804,0.151993821,elongation factor 1-alpha,2,1,3,10,20,10
309,Tb11.v5.1055.1-p1;Tb927.3.4290:mRNA-p1;Tb927.3.4300:mRNA-p1;Tb927.3.4310:mRNA-p1;Tb927.3.4320:mRNA-p1;Tb927.3.4330:mRNA-p1,-0.028983088,23.57614988,0.049907666,Paraflagellar rod protein 1-5,2,1,3,10,20,10
310,Tb11.v5.1057.1-p1;Tb927.10.12040:mRNA-p1,-0.082510973,20.66945354,0.167274797,"mitogen-activated protein kinase 11, putative",2,1,3,10,20,10
311,Tb11.v5.1059.1-p1;Tb927.11.3590:mRNA-p1;Tb927.11.3600:mRNA-p1,-0.274221946,23.27416281,2.046267053,"40S ribosomal protein S4, putative",2,1,3,10,20,10
312,Tb427.BES10.2,-0.03130853,21.6988933,0.037740634,Tb427.BES10.2,2,1,3,10,20,10
316,Tb427.BES126.1;Tb427.BES15.1;Tb427.BES153.1;Tb427.BES29.1;Tb427.BES51.1;Tb427.BES56.1,-0.092895451,18.6832268,0.04878502,Tb427.BES126.1;Tb427.BES15.1;Tb427.BES153.1;Tb427.BES29.1;Tb427.BES51.1;Tb427.BES56.1,2,1,3,10,20,10
317,Tb427.BES126.15,0.678308119,18.50465738,4.163720864,Tb427.BES126.15,2,1,3,10,20,10
318,Tb427.BES126.2,-0.632022459,16.91837518,4.106087576,Tb427.BES126.2,2,1,3,10,20,10
319,Tb427.BES129.1,0.2566542,19.90885886,0.121807321,Tb427.BES129.1,2,1,3,10,20,10
320,Tb427.BES129.14,0.666789959,13.48802485,0.468761224,Tb427.BES129.14,2,1,3,10,20,10
322,Tb427.BES134.3,-0.225359364,20.89677922,0.51228252,Tb427.BES134.3,2,1,3,10,20,10
324,Tb427.BES134.5,0.057553123,17.52401877,0.023940197,Tb427.BES134.5,2,1,3,10,20,10
325,Tb427.BES15.12;Tb427.BES4.11,0.140768086,17.92453244,0.0667773,Tb427.BES15.12;Tb427.BES4.11,2,1,3,10,20,10
326,Tb427.BES153.10;Tb427.BES40.18;Tb427.BES56.10;Tb427.BES65.9;Tb427.BES98.9,-0.185497526,20.99262702,0.496599945,Tb427.BES153.10;Tb427.BES40.18;Tb427.BES56.10;Tb427.BES65.9;Tb427.BES98.9,2,1,3,10,20,10
327,Tb427.BES153.14;Tb427.BES65.13,1.34365201,14.49450107,1.40333973,Tb427.BES153.14;Tb427.BES65.13,2,1,3,10,20,10
329,Tb427.BES153.4;Tb427.BES65.3,0.061664422,19.39280031,0.045178727,Tb427.BES153.4;Tb427.BES65.3,2,1,3,10,20,10
330,Tb427.BES153.7;Tb427.BES28.8;Tb427.BES40.8;Tb427.BES5.6;Tb427.BES65.6;Tb427.BES98.6,0.067497966,17.94513899,0.036710177,Tb427.BES153.7;Tb427.BES28.8;Tb427.BES40.8;Tb427.BES5.6;Tb427.BES65.6;Tb427.BES98.6,2,1,3,10,20,10
331,Tb427.BES28.1;Tb427.BES28.2;Tb427.BES28.3;Tb427.BES40.2;Tb427.BES5.1,-0.090552858,19.67565949,0.102833959,Tb427.BES28.1;Tb427.BES28.2;Tb427.BES28.3;Tb427.BES40.2;Tb427.BES5.1,2,1,3,10,20,10
333,Tb427.BES28.7;Tb427.BES5.5,0.13546149,15.94524064,0.039423336,Tb427.BES28.7;Tb427.BES5.5,2,1,3,10,20,10
334,Tb427.BES29.2,-0.823825326,16.00151919,0.186076785,Tb427.BES29.2,2,1,3,10,20,10
335,Tb427.BES29.3,-0.242219068,15.76655284,0.167274797,Tb427.BES29.3,2,1,3,10,20,10
337,Tb427.BES29.9,-0.227167979,19.72895817,1.152005206,Tb427.BES29.9,2,1,3,10,20,10
338,Tb427.BES40.1,-0.029523045,15.19658757,0.010081834,Tb427.BES40.1,2,1,3,10,20,10
339,Tb427.BES40.10,0.088452641,22.40784919,0.072388777,Tb427.BES40.10,2,1,3,10,20,10
340,Tb427.BES40.13;Tb427.BES56.6,-0.045059541,15.73947223,0.038859499,Tb427.BES40.13;Tb427.BES56.6,2,1,3,10,20,10
341,Tb427.BES40.15,-0.019957073,19.89357422,0.012493711,Tb427.BES40.15,2,1,3,10,20,10
342,Tb427.BES40.16,0.13009873,20.97566002,0.288486247,Tb427.BES40.16,2,1,3,10,20,10
343,Tb427.BES40.20,0.066455867,20.36320358,0.108938173,Tb427.BES40.20,2,1,3,10,20,10
344,Tb427.BES40.21,-0.124318002,28.08742385,0.15574566,Tb427.BES40.21,2,1,3,10,20,10
345,Tb427.BES40.7,-0.26652392,18.22054138,0.509394798,Tb427.BES40.7,2,1,3,10,20,10
346,Tb427.BES51.12,0.422793336,15.98725541,0.146516354,Tb427.BES51.12,2,1,3,10,20,10
347,Tb427.BES51.2,-0.220195443,18.48961003,0.352082033,Tb427.BES51.2,2,1,3,10,20,10
348,Tb427.BES51.7,0.206783178,16.36732475,0.11697054,Tb427.BES51.7,2,1,3,10,20,10
349,Tb427.BES56.13,-0.326454881,15.92223108,1.060971132,Tb427.BES56.13,2,1,3,10,20,10
350,Tb427.BES64.2,0.866906705,15.8348408,0.8689233,Tb427.BES64.2,2,1,3,10,20,10
351,Tb427.BES98.12,1.016928825,17.28208787,4.163720864,Tb427.BES98.12,2,1,3,10,20,10
352,Tb427.BES98.2,-0.045493558,21.199754,0.033100417,Tb427.BES98.2,2,1,3,10,20,10
353,Tb427.BES98.3,0.11215274,21.47904428,0.300397859,Tb427.BES98.3,2,1,3,10,20,10
354,Tb927.1.1010:mRNA-p1,-0.483601036,16.96131487,0.228777319,"E3 ubiquitin-protein ligase KCMF1, putative",2,1,3,10,20,10
355,Tb927.1.1020:mRNA-p1,0.138275113,16.98392079,0.413899439,leucine-rich repeat-containing protein,2,1,3,10,20,10
356,Tb927.1.1050:mRNA-p1,0.129789007,16.4833212,0.167274797,Metallo-dependent phosphatase-like domain-containing protein,2,1,3,10,20,10
357,Tb927.1.1060:mRNA-p1,0.121241203,15.25681657,0.226581303,"Cell cycle checkpoint protein RAD1-like, putative",2,1,3,10,20,10
358,Tb927.1.1120:mRNA-p1,-0.049162107,14.39362006,0.012964291,"ribosomal RNA-processing protein 8, putative",2,1,3,10,20,10
359,Tb927.1.1150:mRNA-p1,-0.104818981,13.31785758,0.023778387,zeta tubulin,2,1,3,10,20,10
361,Tb927.1.120:mRNA-p1,-0.034206554,20.7583536,0.073217279,"retrotransposon hot spot protein 4 (RHS4), putative",2,1,3,10,20,10
362,Tb927.1.1210:mRNA-p1,0.270778926,16.39590614,0.33131249,"conserved protein, unknown function",2,1,3,10,20,10
363,Tb927.1.1220:mRNA-p1,0.082069652,16.68012135,0.146516354,RWD domain-containing protein,2,1,3,10,20,10
364,Tb927.1.1340:mRNA-p1,-0.087912807,16.04426973,0.037740634,"Quinonprotein alcohol dehydrogenase-like protein, putative",2,1,3,10,20,10
365,Tb927.1.1380:mRNA-p1,-0.000839568,18.82705369,0.001119385,"serine/threonine protein phosphatase 2A regulatory subunit, putative",2,1,3,10,20,10
366,Tb927.1.1400:mRNA-p1,0.11819816,19.15245453,0.035070679,"Overproducer of inositol protein 10 homolog, putative",2,1,3,10,20,10
367,Tb927.1.1420:mRNA-p1,-0.283112603,18.17098877,1.772594214,"conserved protein, unknown function",2,1,3,10,20,10
368,Tb927.1.1500:mRNA-p1,-0.050525177,18.32290826,0.063060075,"conserved protein, unknown function",2,1,3,10,20,10
369,Tb927.1.1530:mRNA-p1,0.040769513,21.11235567,0.007759168,"STE group serine/threonine-protein kinase, putative",2,1,3,10,20,10
370,Tb927.1.1540:mRNA-p1,0.142867105,17.2343914,0.295676794,"Tubulin/FtsZ family, putative",2,1,3,10,20,10
371,Tb927.1.1550:mRNA-p1,0.021890785,15.76687587,0.017313585,"tubulin-tyrosine ligase, putative",2,1,3,10,20,10
372,Tb927.1.1610:mRNA-p1,0.385153326,14.72362032,0.217929764,"hypothetical protein, conserved",2,1,3,10,20,10
373,Tb927.1.1620:mRNA-p1,0.043999323,16.72554162,0.048173345,"ATP-dependent DEAD/H RNA helicase, putative",2,1,3,10,20,10
374,Tb927.1.1630:mRNA-p1,0.144331198,14.73665111,0.059540897,transcription elongation factor 1 homolog,2,1,3,10,20,10
375,Tb927.1.1670:mRNA-p1,-0.16481352,20.98613474,0.064087952,ARM-like helical domain-containing protein,2,1,3,10,20,10
377,Tb927.1.1700:mRNA-p1,-0.201435293,17.23837781,0.309142608,"AATF protein, putative",2,1,3,10,20,10
378,Tb927.1.1710:mRNA-p1,0.525655331,18.386415,0.197277842,"transmembrane protein, conserved",2,1,3,10,20,10
379,Tb927.1.1720:mRNA-p1,-0.280021717,16.53437365,0.291189159,"cyclophilin 15, putative",2,1,3,10,20,10
380,Tb927.1.1730:mRNA-p1,0.164321194,16.10742359,0.209595601,"Polyadenylation mediator complex protein PAMC1, putative",2,1,3,10,20,10
382,Tb927.1.1770:mRNA-p1,-0.062255146,16.49691068,0.075191852,Dithiol glutaredoxin 2,2,1,3,10,20,10
383,Tb927.1.1790:mRNA-p1,0.023817123,15.01411387,0.017372322,"hypothetical PIN domain-containing protein, conserved",2,1,3,10,20,10
384,Tb927.1.180:mRNA-p1,0.088656298,21.84975354,0.288486247,"retrotransposon hot spot protein 1 (RHS1), putative",2,1,3,10,20,10
385,Tb927.1.1820:mRNA-p1,-0.759453009,20.91086272,0.075107543,hypothetical PIN domain-containing protein,2,1,3,10,20,10
386,Tb927.1.1880:mRNA-p1,-0.071809312,18.10313849,0.040162189,WD40 repeat-containing protein,2,1,3,10,20,10
387,Tb927.1.1890:mRNA-p1,-0.30004052,13.05927052,0.096699874,Replication Factor C Subunit 1-related protein,2,1,3,10,20,10
388,Tb927.1.190:pseudogenic_transcript-p1,-0.071859535,18.55754912,0.093390095,"retrotransposon hot spot protein (RHS, pseudogene), putative",2,1,3,10,20,10
389,Tb927.1.1910:mRNA-p1,0.209099523,16.27231655,0.079422524,MORN repeat-containing protein,2,1,3,10,20,10
390,Tb927.1.1920:mRNA-p1,-0.205540837,14.02091987,0.093390095,"conserved protein, unknown function",2,1,3,10,20,10
391,Tb927.1.1930:mRNA-p1,0.037209047,20.6323784,0.012493711,"phosphatidylinositol 3-kinase, putative",2,1,3,10,20,10
392,Tb927.1.1960:mRNA-p1,-0.065088901,17.67717666,0.168786654,"chaperone protein DnaJ, putative",2,1,3,10,20,10
393,Tb927.1.1980:mRNA-p1,0.155695149,13.17862621,0.0667773,"protein transport protein YIF1, putative",2,1,3,10,20,10
395,Tb927.1.2100:mRNA-p1,0.05779561,21.0735276,0.157716935,Calpain-like protein 1.1,2,1,3,10,20,10
396,Tb927.1.2120:mRNA-p1,-0.141260059,19.08061814,0.541266993,Calpain-like protein CALP1.3,2,1,3,10,20,10
397,Tb927.1.2190:mRNA-p1,0.032018255,17.04883891,0.038003188,"Raptor N-terminal CASPase like domain containing protein, putative",2,1,3,10,20,10
398,Tb927.1.2210:mRNA-p1,-0.046586495,17.5372587,0.042032086,"nucleosome assembly protein (NAP), putative",2,1,3,10,20,10
399,Tb927.1.2230:mRNA-p1,-0.064807617,20.41463105,0.093390095,small myristoylated protein 1-1,2,1,3,10,20,10
400,Tb927.1.2260:mRNA-p1,-0.173434955,18.58944388,0.692770404,small myristoylated protein 1-2,2,1,3,10,20,10
401,Tb927.1.2340:mRNA-p1;Tb927.1.2360:mRNA-p1;Tb927.1.2380:mRNA-p1;Tb927.1.2400:mRNA-p1,0.393220891,27.58706795,0.792157123,alpha tubulin,2,1,3,10,20,10
402,Tb927.1.240:pseudogenic_transcript-p1,0.004527343,19.78617027,0.005111926,"retrotransposon hot spot protein (RHS, pseudogene), putative",2,1,3,10,20,10
403,Tb927.1.2430:mRNA-p1;Tb927.1.2450:mRNA-p1;Tb927.1.2470:mRNA-p1;Tb927.1.2490:mRNA-p1;Tb927.1.2510:mRNA-p1;Tb927.1.2530:mRNA-p1;Tb927.1.2550:mRNA-p1,-0.148807684,23.84649923,0.286931976,"histone H3, putative",2,1,3,10,20,10
404,Tb927.1.2570:mRNA-p1,0.211377171,20.47633566,0.413899439,coatomer beta subunit,2,1,3,10,20,10
405,Tb927.1.2580:mRNA-p1,0.15372606,19.30236978,0.042854711,exosome-associated protein 1,2,1,3,10,20,10
406,Tb927.1.2600:mRNA-p1,0.147549989,18.23102388,0.216113775,pumilio/PUF RNA binding protein 9,2,1,3,10,20,10
407,Tb927.1.2670:mRNA-p1,0.010307439,20.84892266,0.012863476,paralyzed flagella 16,2,1,3,10,20,10
408,Tb927.1.2730:mRNA-p1,-0.013040946,16.52200336,0.011980192,"conserved protein, unknown function",2,1,3,10,20,10
409,Tb927.1.2750:mRNA-p1,-0.08153061,19.93388668,0.073102237,"hypothetical protein, conserved",2,1,3,10,20,10
410,Tb927.1.2770:mRNA-p1,-0.105809583,15.68314309,0.031397318,"hypothetical protein, conserved",2,1,3,10,20,10
411,Tb927.1.2970:mRNA-p1,0.647507613,19.30497548,0.114178794,"hypothetical protein, conserved",2,1,3,10,20,10
412,Tb927.1.2980:mRNA-p1,0.148540775,16.4134239,0.131443518,"hypothetical protein, conserved",2,1,3,10,20,10
414,Tb927.1.3000:mRNA-p1,0.141708374,18.85742039,0.139978476,"amidohydrolase, putative",2,1,3,10,20,10
415,Tb927.1.3010:mRNA-p1,-0.164998746,18.81574547,0.154599279,"mRNA processing protein, putative",2,1,3,10,20,10
416,Tb927.1.3030:mRNA-p1,0.236608486,16.49255875,0.452217442,KREL2,2,1,3,10,20,10
418,Tb927.1.3050:mRNA-p1,0.015934037,17.15782947,0.012873923,"tRNA (Uracil-5-)-methyltransferase, putative",2,1,3,10,20,10
420,Tb927.1.3110:mRNA-p1,0.077585032,19.29501865,0.196748263,"soluble N-ethylmaleimide sensitive factor (NSF) attachment protein, putative",2,1,3,10,20,10
421,Tb927.1.3150:mRNA-p1,0.143091005,17.41128369,0.120369595,"hypothetical protein, conserved",2,1,3,10,20,10
422,Tb927.1.3170:mRNA-p1,-0.086457408,18.18345312,0.093390095,"CHORD, putative",2,1,3,10,20,10
423,Tb927.1.3180:mRNA-p1,-0.228934365,22.18607803,1.402839861,"40S ribosomal protein S11, putative",2,1,3,10,20,10
425,Tb927.1.3200:mRNA-p1,-0.221601853,19.51331568,0.230600209,"Suppressor of G2 allele of SKP1, putative",2,1,3,10,20,10
426,Tb927.1.3220:mRNA-p1,0.069097369,15.05358927,0.062154058,"TBC1 domain family member 20/GTPase, putative",2,1,3,10,20,10
427,Tb927.1.3230:mRNA-p1,0.221323416,15.09533417,0.219875825,"cell division cycle protein, putative",2,1,3,10,20,10
428,Tb927.1.3250:mRNA-p1,0.162007651,17.8462235,0.082478843,"Domain of unknown function (DUF4456), putative",2,1,3,10,20,10
429,Tb927.1.3260:mRNA-p1,-0.062460185,20.4594239,0.023435876,"hypothetical protein, conserved",2,1,3,10,20,10
430,Tb927.1.3270:mRNA-p1,-0.370698638,21.78554413,0.367908767,"hypothetical protein, conserved",2,1,3,10,20,10
431,Tb927.1.3280:mRNA-p1,-0.032143549,16.95227274,0.035070679,"septum formation protein MAF homologue, putative",2,1,3,10,20,10
432,Tb927.1.330:pseudogenic_transcript-p1,0.03850041,19.15169107,0.019415837,"retrotransposon hot spot protein (RHS, pseudogene), putative",2,1,3,10,20,10
433,Tb927.1.3300:mRNA-p1,-0.222474612,19.59157634,0.368712621,"Myotubularin-related protein, putative",2,1,3,10,20,10
434,Tb927.1.3310:mRNA-p1,-0.017091704,17.97832057,0.012863476,"hypothetical protein, conserved",2,1,3,10,20,10
435,Tb927.1.3390:mRNA-p1,-0.135066082,19.45986878,0.061214788,"Eukaryotic protein of unknown function (DUF866), putative",2,1,3,10,20,10
436,Tb927.1.3400:mRNA-p1,-0.045269308,16.43033058,0.012493711,"hypothetical protein, conserved",2,1,3,10,20,10
437,Tb927.1.3410.1:mRNA-p1;Tb927.1.3410.2:mRNA-p1,-0.157437608,16.09259654,0.374749388,"hypothetical protein, conserved",2,1,3,10,20,10
438,Tb927.1.3450:mRNA-p1,-0.095310807,17.74335918,0.09716913,"hypothetical protein, conserved",2,1,3,10,20,10
439,Tb927.1.3560:mRNA-p1,-0.140817199,16.16399192,0.019415837,"Centrosomal protein of 164 kDa, putative",2,1,3,10,20,10
442,Tb927.1.3830:mRNA-p1,0.131190334,22.63384916,0.349082355,"glucose-6-phosphate isomerase, glycosomal",2,1,3,10,20,10
443,Tb927.1.3880:mRNA-p1,0.218152403,15.33874459,0.257959266,"Fusaric acid resistance protein-like, putative",2,1,3,10,20,10
444,Tb927.1.3910:mRNA-p1,0.029147068,17.3997381,0.023154472,Anaphase-promoting complex subunit CDC23,2,1,3,10,20,10
445,Tb927.1.3950:mRNA-p1,0.165544557,21.88123655,0.435349921,alanine aminotransferase,2,1,3,10,20,10
446,Tb927.1.4010:mRNA-p1,-0.134498518,13.59459666,0.166367609,primase 2,2,1,3,10,20,10
447,Tb927.1.4050:mRNA-p1,-0.051732258,19.46472819,0.197772984,"ser/thr protein phosphatase, putative",2,1,3,10,20,10
448,Tb927.1.4180:mRNA-p1,0.150989535,18.41111875,0.312190372,"leucine-rich repeat protein (LRRP), putative",2,1,3,10,20,10
449,Tb927.1.420:mRNA-p1,0.005904651,20.59118331,0.006108175,"retrotransposon hot spot protein 5 (RHS5), putative",2,1,3,10,20,10
450,Tb927.1.4280:mRNA-p1,0.119734104,18.7308448,0.316632023,"hypothetical protein, conserved",2,1,3,10,20,10
451,Tb927.1.4310:mRNA-p1,0.000948926,21.76892114,0.002476916,Flagellum attachment zone protein 2,2,1,3,10,20,10
452,Tb927.1.4340:mRNA-p1,0.127890516,17.98938203,0.288486247,"hypothetical protein, conserved",2,1,3,10,20,10
453,Tb927.1.4410:mRNA-p1,0.035018074,17.90585885,0.011332942,SUMO-interacting motif-containing protein,2,1,3,10,20,10
454,Tb927.1.4420:mRNA-p1,0.258874738,15.56442699,0.263418416,"ABC transporter, putative",2,1,3,10,20,10
455,Tb927.1.4450:mRNA-p1,0.467056307,13.61561086,0.420036064,"calcium-activated potassium channel, putative",2,1,3,10,20,10
457,Tb927.1.4480:mRNA-p1,0.0235774,16.28904986,0.017313585,"WD repeat and HMG-box DNA-binding protein, putative",2,1,3,10,20,10
458,Tb927.1.4490:mRNA-p1,0.00243608,19.53699663,0.003734999,"acetyltransferase, putative",2,1,3,10,20,10
459,Tb927.1.450:pseudogenic_transcript-p1,0.126680965,17.20317672,0.231520126,"retrotransposon hot spot protein (RHS, pseudogene), putative",2,1,3,10,20,10
460,Tb927.1.4500:mRNA-p1,0.229214175,18.662529,0.162800973,"SNARE associated Golgi protein, putative",2,1,3,10,20,10
461,Tb927.1.4650:mRNA-p1,-0.027570823,16.03709804,0.023940197,cyclin-like F-box protein 2,2,1,3,10,20,10
462,Tb927.1.4680:mRNA-p1,-0.074016305,17.17142731,0.103520274,Kinetochore interacting protein 6,2,1,3,10,20,10
463,Tb927.1.4690:mRNA-p1,0.053103064,18.31381622,0.045756792,Protein arginine N-methyltransferase 1 catalytic subunit,2,1,3,10,20,10
464,Tb927.1.4720:mRNA-p1,-0.346905794,16.44863188,0.055451583,"SET domain containing protein, putative",2,1,3,10,20,10
465,Tb927.1.4740:mRNA-p1,0.026010897,16.86909785,0.040162189,"FAM91 N-terminus/FAM91 C-terminus, putative",2,1,3,10,20,10
466,Tb927.1.4760:mRNA-p1,-0.069010712,17.12556114,0.182170688,"Vacuolar sorting protein 39 domain 1/Vacuolar sorting protein 39 domain 2, putative",2,1,3,10,20,10
468,Tb927.1.4830:mRNA-p1,-0.035776257,20.7908538,0.075191852,phospholipase A1,2,1,3,10,20,10
469,Tb927.1.4890:mRNA-p1;Tb927.1.5100:mRNA-p1,-0.490019379,18.93937101,0.124277723,"expression site-associated gene 2 (ESAG2) protein, putative",2,1,3,10,20,10
470,Tb927.1.4900:mRNA-p1,0.120270151,19.38162686,0.099809135,"expression site-associated gene 11 (ESAG11) protein, putative",2,1,3,10,20,10
471,Tb927.1.5000:mRNA-p1,-0.230796736,17.76527948,0.304161244,"hypothetical protein, conserved",2,1,3,10,20,10
472,Tb927.1.5030:mRNA-p1,0.190159381,17.4477291,0.412770741,"leucine-rich repeat protein (LRRP), putative",2,1,3,10,20,10
473,Tb927.1.5060:mRNA-p1,0.583745628,12.30279365,0.201061615,"variant surface glycoprotein (VSG)-related, putative",2,1,3,10,20,10
475,Tb927.1.5170:mRNA-p1,-0.004752438,17.17784466,0.006108175,"variant surface glycoprotein (VSG)-related, putative",2,1,3,10,20,10
476,Tb927.1.540:mRNA-p1,-0.048384259,17.57726284,0.094916159,"DNA-directed RNA polymerase III, putative",2,1,3,10,20,10
479,Tb927.1.630:mRNA-p1,0.057038583,16.4437016,0.039355098,histone chaperone ASF1A,2,1,3,10,20,10
480,Tb927.1.640:mRNA-p1,0.309072382,18.17188068,0.750730091,BRCA2,2,1,3,10,20,10
481,Tb927.1.650:mRNA-p1,0.101633267,16.56651161,0.16662207,"conserved protein, unknown function",2,1,3,10,20,10
482,Tb927.1.670:mRNA-p1,-0.13231879,16.9335262,0.286036494,"conserved protein, unknown function",2,1,3,10,20,10
483,Tb927.1.690:mRNA-p1,0.043264848,16.88210231,0.056111642,"hypothetical protein, conserved",2,1,3,10,20,10
484,Tb927.1.700:mRNA-p1,0.134917155,23.73402534,0.604485274,phosphoglycerate kinase,2,1,3,10,20,10
486,Tb927.1.720:mRNA-p1,0.193371726,18.34954524,0.217929764,phosphoglycerate kinase,2,1,3,10,20,10
488,Tb927.1.740:mRNA-p1,0.417709252,16.11384907,0.341955607,phosphatidylinositol-4-phosphate 5-kinase related,2,1,3,10,20,10
489,Tb927.1.750:mRNA-p1,0.137429683,17.54124334,0.151993821,Metal-binding domain-containing protein,2,1,3,10,20,10
490,Tb927.1.790:mRNA-p1,0.181004507,15.3248036,0.133991701,"hypothetical transmembrane protein, conserved",2,1,3,10,20,10
492,Tb927.1.860:mRNA-p1,-0.070741324,17.65669002,0.102967466,"transmembrane protein, putative",2,1,3,10,20,10
493,Tb927.1.870:mRNA-p1,-0.156723071,16.85400025,0.219875825,deoxyhypusine synthase,2,1,3,10,20,10
494,Tb927.1.880:mRNA-p1,-0.143226204,18.91252114,0.200232056,"Midasin, putative",2,1,3,10,20,10
495,Tb927.1.990:mRNA-p1,-0.153674233,17.64312049,0.17478726,Enkuring domain-containig protein,2,1,3,10,20,10
496,Tb927.10.10000:mRNA-p1,0.225935633,16.70140367,0.207666554,"hypothetical protein, conserved",2,1,3,10,20,10
497,Tb927.10.10010:mRNA-p1,-0.241233635,19.55870255,0.787209006,"mRNA turnover protein 4 homolog, putative",2,1,3,10,20,10
498,Tb927.10.10030:mRNA-p1,0.131639362,17.8868689,0.069928185,"hypothetical protein, conserved",2,1,3,10,20,10
500,Tb927.10.10080:mRNA-p1,-0.233819545,17.06286674,0.511849061,"hypothetical protein, conserved",2,1,3,10,20,10
501,Tb927.10.10090:mRNA-p1,-0.056767698,17.07602747,0.034914599,Component of motile flagella 14,2,1,3,10,20,10
502,Tb927.10.10120:mRNA-p1,0.029921824,15.75112406,0.017313585,"hypothetical protein, conserved",2,1,3,10,20,10
503,Tb927.10.10130:mRNA-p1,0.116182443,16.66530979,0.079422524,RNA editing mediator complex protein 1,2,1,3,10,20,10
504,Tb927.10.10140:mRNA-p1,0.046598924,20.89226494,0.040162189,"paraflagellar rod component, putative",2,1,3,10,20,10
505,Tb927.10.10160:mRNA-p1,0.322453948,17.20166549,0.066966507,Kinetoplast polyadenylation factor 4,2,1,3,10,20,10
506,Tb927.10.10170:mRNA-p1,0.028719147,16.2307607,0.010179679,"pre-mRNA splicing factor 46, putative",2,1,3,10,20,10
507,Tb927.10.10180:mRNA-p1,-0.01689878,14.84233273,0.012863476,"Miro-like protein, putative",2,1,3,10,20,10
510,Tb927.10.10280:mRNA-p1,0.088516874,20.21666783,0.042032086,Microtubule-associated repetitive protein 2,2,1,3,10,20,10
512,Tb927.10.10320:mRNA-p1,-0.024158132,18.52998427,0.035933398,"dynein light chain Tctex-type, putative",2,1,3,10,20,10
513,Tb927.10.10330:mRNA-p1,1.045210081,19.93914544,0.810376513,Anaphase-promoting complex subunit CDC27,2,1,3,10,20,10
514,Tb927.10.10340:mRNA-p1,0.029757539,18.69534349,0.062597576,"structural maintenance of chromosome 2, putative",2,1,3,10,20,10
515,Tb927.10.10350:mRNA-p1,-0.130369101,17.71237931,0.304757467,"STE/STE11 serine/threonine-protein kinase, putative",2,1,3,10,20,10
516,Tb927.10.10360:mRNA-p1,-0.174703958,19.11481654,0.086694697,Microtubule-associated repetitive protein,2,1,3,10,20,10
517,Tb927.10.10370:mRNA-p1,0.086784806,16.73617876,0.13585812,"hypothetical protein, conserved",2,1,3,10,20,10
518,Tb927.10.10380:mRNA-p1,-0.076397602,16.67256075,0.08531899,"ATP-dependent DEAD/H RNA helicase, putative",2,1,3,10,20,10
519,Tb927.10.10390:mRNA-p1,0.265013964,21.31320322,0.407919079,trypanothione reductase,2,1,3,10,20,10
520,Tb927.10.1040:mRNA-p1,0.064450306,21.26971873,0.147816577,"serine peptidase, Clan SC, Family S10",2,1,3,10,20,10
521,Tb927.10.10410:mRNA-p1,0.256390346,15.29842414,0.309142608,"DNA replication licensing factor MCM8, putative",2,1,3,10,20,10
522,Tb927.10.10420:mRNA-p1,-0.009899506,17.46975525,0.009292318,"monothiol glutaredoxin, putative",2,1,3,10,20,10
523,Tb927.10.10445:mRNA-p1;Tb927.10.10460:mRNA-p1;Tb927.10.10470:mRNA-p1;Tb927.10.10480:mRNA-p1;Tb927.10.10490:mRNA-p1;Tb927.10.10500:mRNA-p1;Tb927.10.10510:mRNA-p1;Tb927.10.10520:mRNA-p1;Tb927.10.10530:mRNA-p1;Tb927.10.10540:mRNA-p1;Tb927.10.10550:mRNA-p1;Tb927.10.10560:mRNA-p1;Tb927.10.10570:mRNA-p1;Tb927.10.10580:mRNA-p1;Tb927.10.10590:mRNA-p1,0.029548121,25.89029642,0.062597576,"histone H2B, putative",2,1,3,10,20,10
524,Tb927.10.1060:mRNA-p1,-0.144054271,21.1336389,0.898031825,"T-complex protein 1, delta subunit, putative",2,1,3,10,20,10
526,Tb927.10.10610:mRNA-p1,0.157795322,19.99779934,0.368712621,"protein tyrosine phosphatase, putative",2,1,3,10,20,10
527,Tb927.10.10620:mRNA-p1,-0.093558152,16.57832692,0.182170688,"hypothetical protein, conserved",2,1,3,10,20,10
528,Tb927.10.10630:mRNA-p1,0.091468976,17.89129771,0.34012915,"hypothetical protein, conserved",2,1,3,10,20,10
530,Tb927.10.10690:mRNA-p1,0.180343477,15.80009874,0.102967466,"CEP19-like protein, putative",2,1,3,10,20,10
531,Tb927.10.1070:mRNA-p1,-0.064637744,19.670422,0.13585812,cdc2-related kinase 1,2,1,3,10,20,10
532,Tb927.10.10700:mRNA-p1,-0.095251599,17.0273462,0.199991671,splicing factor Prp31,2,1,3,10,20,10
533,Tb927.10.10720:mRNA-p1,0.027970055,17.19194532,0.019386054,"Tetraspanin family, putative",2,1,3,10,20,10
534,Tb927.10.10730:mRNA-p1,0.289962798,13.99870017,0.095651356,RNA Interference Factor 5,2,1,3,10,20,10
535,Tb927.10.10740:mRNA-p1,0.282950639,14.89704504,0.219875825,"hypothetical protein, conserved",2,1,3,10,20,10
536,Tb927.10.10780:mRNA-p1,0.472545122,16.6179853,0.420036064,"hypothetical protein, conserved",2,1,3,10,20,10
537,Tb927.10.1080:mRNA-p1;Tb927.10.1090:mRNA-p1,-0.289046884,22.16874799,0.692770404,"40S ribosomal protein S23, putative",2,1,3,10,20,10
538,Tb927.10.10800:mRNA-p1,0.308759984,16.72680105,0.207627721,"palmitoyl acyltransferase 2, putative",2,1,3,10,20,10
539,Tb927.10.10830:mRNA-p1,0.17523449,18.40784664,0.258753548,RGG-containing protein 2,2,1,3,10,20,10
540,Tb927.10.10840:mRNA-p1,0.314900587,17.14325685,0.822057672,Enriched in surface-labeled proteome protein 15,2,1,3,10,20,10
541,Tb927.10.10850:mRNA-p1,-0.025695746,21.63335623,0.029682738,Protein argonaute-1,2,1,3,10,20,10
542,Tb927.10.10870:mRNA-p1,0.076409617,15.06560979,0.028127686,"CMGC family protein kinase, putative",2,1,3,10,20,10
543,Tb927.10.10880:mRNA-p1,-0.149466219,19.31080453,0.309142608,"ATP-binding cassette sub-family F member 1, putative",2,1,3,10,20,10
545,Tb927.10.1100:mRNA-p1,-0.25472911,22.25099814,1.416961476,"60S ribosomal protein L9, putative",2,1,3,10,20,10
546,Tb927.10.11020:mRNA-p1,0.039551772,18.17039016,0.031201173,"DNA mismatch repair protein MSH2, putative",2,1,3,10,20,10
547,Tb927.10.11030:mRNA-p1,-0.016855212,17.99098239,0.011614272,Archaic translocase of outer membrane 11 kDa subunit,2,1,3,10,20,10
548,Tb927.10.11080:mRNA-p1,-0.107094128,17.81665796,0.256938943,paraflagellar rod protein,2,1,3,10,20,10
549,Tb927.10.11130:mRNA-p1,-0.334676432,14.31873091,0.549415318,"SET domain containing protein, putative",2,1,3,10,20,10
550,Tb927.10.11140:mRNA-p1,-0.013651367,17.81400376,0.012647844,"hypothetical protein, conserved",2,1,3,10,20,10
551,Tb927.10.11150:mRNA-p1,-0.081341403,18.31851621,0.092600934,"hypothetical protein, conserved",2,1,3,10,20,10
552,Tb927.10.11170:mRNA-p1,0.11029655,17.04926619,0.191147442,"hypothetical protein, conserved",2,1,3,10,20,10
553,Tb927.10.11180:mRNA-p1,-0.019671898,16.84395162,0.028127686,"Ubiquitin-like modifier-activating enzyme ATG7, putative",2,1,3,10,20,10
555,Tb927.10.11210:mRNA-p1,-0.06918165,18.0307402,0.12194714,"hypothetical protein, conserved",2,1,3,10,20,10
556,Tb927.10.11220:mRNA-p1,0.042729296,16.71490998,0.028846037,procyclic form surface phosphoprotein,2,1,3,10,20,10
557,Tb927.10.11250:mRNA-p1,0.033267034,18.4399702,0.021104344,Coiled-coil domain-containing protein 40 homolog,2,1,3,10,20,10
558,Tb927.10.11270:mRNA-p1,-0.185522992,16.46236232,0.144926499,"RNA-binding protein, putative",2,1,3,10,20,10
559,Tb927.10.11300:mRNA-p1,0.011828568,22.10538249,0.014438553,"paraflagellar rod component, putative",2,1,3,10,20,10
560,Tb927.10.11310:mRNA-p1,-0.113174843,19.59925813,0.13585812,intraflagellar transport protein 57/55,2,1,3,10,20,10
561,Tb927.10.11330:mRNA-p1,-0.037787558,16.98635232,0.060148998,"EF-hand domain pair, putative",2,1,3,10,20,10
563,Tb927.10.11380:mRNA-p1,-0.251761258,17.78249463,1.301996169,"hypothetical protein, conserved",2,1,3,10,20,10
564,Tb927.10.11390:mRNA-p1,-0.033459628,23.04322447,0.036978518,"60S ribosomal protein L6, putative",2,1,3,10,20,10
565,Tb927.10.11400:mRNA-p1,-0.039078688,16.3425503,0.0667773,"WD domain, G-beta repeat, putative",2,1,3,10,20,10
566,Tb927.10.11410:mRNA-p1,0.017674874,15.25153716,0.011499127,"hypothetical protein, conserved",2,1,3,10,20,10
567,Tb927.10.11450:mRNA-p1,-0.169599238,15.56173039,0.160170385,"TFIIF-stimulated CTD phosphatase, putative",2,1,3,10,20,10
568,Tb927.10.11510:mRNA-p1,0.114086062,16.52194784,0.275516116,"hypothetical protein, conserved",2,1,3,10,20,10
569,Tb927.10.11520:mRNA-p1,-0.199750665,15.12634665,0.047970497,mitochondrial import inner membrane translocase subunit tim13,2,1,3,10,20,10
570,Tb927.10.11530:mRNA-p1,0.041380963,16.42082386,0.031201173,"hypothetical protein, conserved",2,1,3,10,20,10
571,Tb927.10.11540:mRNA-p1;Tb927.9.6070:mRNA-p1,-0.247532917,22.20446028,1.974376199,"40S ribosomal protein S3, putative",2,1,3,10,20,10
573,Tb927.10.11570:mRNA-p1,-0.018787624,14.60106324,0.012647844,"hypothetical protein, conserved",2,1,3,10,20,10
574,Tb927.10.11580:mRNA-p1,0.140771568,15.92829865,0.209595601,predicted WD40 repeat protein,2,1,3,10,20,10
575,Tb927.10.11590:mRNA-p1,0.062051358,19.26703639,0.082251016,"nicotinate phosphoribosyltransferase, putative",2,1,3,10,20,10
576,Tb927.10.11600:mRNA-p1,0.098240277,17.24607892,0.304161244,"hypothetical protein, conserved",2,1,3,10,20,10
577,Tb927.10.11610:mRNA-p1,-0.222234353,17.20006914,0.496599945,SKP1-like protein,2,1,3,10,20,10
578,Tb927.10.11660:mRNA-p1,0.233962862,17.02057053,0.379366365,"hypothetical protein, conserved",2,1,3,10,20,10
579,Tb927.10.11680:mRNA-p1,0.269116828,17.10432923,0.234563343,Voltage-gated Chloride channel Like 2,2,1,3,10,20,10
580,Tb927.10.11690:mRNA-p1,-0.097065629,16.64884597,0.096699874,"YEATS family, putative",2,1,3,10,20,10
581,Tb927.10.1170:mRNA-p1,-0.020983355,20.12073164,0.050057127,intraflagellar transport protein 172,2,1,3,10,20,10
582,Tb927.10.11700:mRNA-p1,-0.166649882,20.78247907,0.655933383,"guanylate kinase, putative",2,1,3,10,20,10
583,Tb927.10.11720:mRNA-p1,0.113399505,14.6098794,0.039123186,"CW-type Zinc Finger, putative",2,1,3,10,20,10
584,Tb927.10.11730:mRNA-p1,0.08183156,16.7559437,0.064212044,"zinc finger protein family member, putative",2,1,3,10,20,10
585,Tb927.10.11760:mRNA-p1,-0.009249737,18.96374048,0.006108175,pumilio/PUF RNA binding protein 6,2,1,3,10,20,10
586,Tb927.10.11780:mRNA-p1,0.081749077,17.7718672,0.217028893,"hypothetical protein, conserved",2,1,3,10,20,10
587,Tb927.10.11800:mRNA-p1,-0.015748809,17.84861552,0.016610325,"Axonemal inner arm dynein light chain, putative",2,1,3,10,20,10
588,Tb927.10.11810:mRNA-p1,-0.197241115,15.67815911,0.284872645,"hypothetical protein, conserved",2,1,3,10,20,10
590,Tb927.10.11840:mRNA-p1,0.371544109,15.91324155,0.35788035,"WD domain, G-beta repeat, putative",2,1,3,10,20,10
591,Tb927.10.11850:mRNA-p1,-0.124101389,17.18753778,0.141279537,"WD domain, G-beta repeat, putative",2,1,3,10,20,10
592,Tb927.10.11860:mRNA-p1,0.058081545,16.3475055,0.058608645,"Cornifin (SPRR) family, putative",2,1,3,10,20,10
593,Tb927.10.11870:mRNA-p1,0.151500602,16.94890968,0.234599445,Guide RNA binding complex protein 5,2,1,3,10,20,10
594,Tb927.10.11880:mRNA-p1,-0.045384087,12.8045603,0.010094867,"hypothetical protein, conserved",2,1,3,10,20,10
595,Tb927.10.11890:mRNA-p1,-0.29278915,17.66328903,1.402839861,"hypothetical protein, conserved",2,1,3,10,20,10
596,Tb927.10.11930:mRNA-p1,0.082866408,19.52497999,0.207635203,beta-D-hydroxybutyrate dehydrogenase,2,1,3,10,20,10
598,Tb927.10.11960:mRNA-p1,0.216473891,14.07376295,0.277439177,"Serine/threonine-protein phosphatase 1 regulatory subunit, putative",2,1,3,10,20,10
599,Tb927.10.11990:mRNA-p1,-0.182126629,17.00025743,0.187723444,"60S ribosome subunit biogenesis protein NIP7, putative",2,1,3,10,20,10